{
  "mean": [
    47.58865706379297,
    0.4360274893343205,
    -13.363624884220966,
    -10.257100160276789,
    -0.8539775575951727,
    0.3980357144190912,
    1.6159509354013335,
    1.0812213532636255,
    1.0704329552489835,
    1.4048001475456755,
    -0.8451275593514284,
    -1.900704295664562,
    -1.6212462028918675
  ],
  "std": [
    63.37378899429565,
    18.761812275455394,
    21.077283819165046,
    19.9580607180056,
    10.70733496679276,
    5.69004897100327,
    5.726497189370337,
    3.8828253234911325,
    4.224838304914666,
    4.971337021799671,
    4.4660884020287,
    5.124418856125097,
    5.1006273867117375
  ]
}
