{
  "mean": [
    33.767499724172104,
    4.439342024378599,
    -9.113665779278039,
    -11.178294250956345,
    -5.361648463262279,
    -0.4891850132060338,
    -0.8265676421456443,
    0.30586264127914403,
    0.7016116127118266,
    5.287214825054216,
    3.0812796355152354,
    2.9748188214938964,
    -0.26829115568784756
  ],
  "std": [
    31.47105527546176,
    8.02611813985153,
    12.351426220138318,
    13.793161446032821,
    6.7016648057972885,
    7.865710052045,
    6.10756394474461,
    4.492952308869239,
    3.9630880976309593,
    5.757392291827866,
    5.123987356428162,
    5.436456711597126,
    6.800003833453262
  ]
}
