{
  "mean": [
    45.978018865433725,
    5.43775792647032,
    -9.751201494161544,
    -12.98236873839311,
    -4.767353864725635,
    -2.699528253905189,
    0.8838735550311682,
    1.2876373991558072,
    1.2826471508914588,
    1.1810828871239103,
    -0.6220173950642345,
    -0.7571836717970466,
    -0.2121412756571494
  ],
  "std": [
    57.95623118431198,
    18.636443364357273,
    18.741800159006917,
    19.96822922810135,
    12.107161170363698,
    8.078392565978923,
    6.9200204110045,
    4.982666433934913,
    4.702417902173408,
    4.416061482635306,
    4.996063628686908,
    6.449819161691977,
    5.698045827321686
  ]
}
