{
  "mean": [
    60.973457441850364,
    5.6238557384595556,
    -19.23774126911919,
    -16.68216180324445,
    -3.4825367641486316,
    0.9330095291063993,
    -4.003435264870457,
    1.6481696172753513,
    -1.0594382298942222,
    8.578710361767666,
    2.70978740415928,
    1.3853974645774743,
    -2.773506470163781
  ],
  "std": [
    35.64032937649674,
    14.124258360588536,
    15.164164755391802,
    15.325390992419107,
    5.851051061522771,
    12.103980970256545,
    9.0107612778555,
    6.246908768213604,
    4.711152200360937,
    7.7429857829536815,
    6.542212592710419,
    9.588911039966801,
    8.666978693453093
  ]
}
