{
  "training_time": 265.72855019569397,
  "epochs_trained": 103,
  "final_loss": 0.0005647304351441562,
  "final_accuracy": 0.9998771548271179,
  "final_val_loss": 5.450522803585045e-05,
  "final_val_accuracy": 1.0,
  "timestamp": "2026-03-08T04:19:07.074290"
}