{
  "training_time": 262.45360136032104,
  "epochs_trained": 120,
  "final_loss": 0.0001517755736131221,
  "final_accuracy": 1.0,
  "final_val_loss": 1.337181629423867e-06,
  "final_val_accuracy": 1.0,
  "timestamp": "2026-03-08T03:42:04.653785"
}