{
  "training_time": 249.63209676742554,
  "epochs_trained": 80,
  "final_loss": 1.1303012371063232,
  "final_accuracy": 0.5597217679023743,
  "final_val_loss": 1.1110599040985107,
  "final_val_accuracy": 0.5588874220848083,
  "config": {
    "epochs": 80,
    "batchSize": 32,
    "validationSplit": 0.2,
    "learningRate": 0.0005,
    "earlyStoppingPatience": 15
  },
  "timestamp": "2026-03-08T00:18:26.290371",
  "gpu_used": true
}