{
  "training_time": 27.460610389709473,
  "epochs_trained": 19,
  "final_loss": 0.0655345693230629,
  "final_accuracy": 0.9904244542121887,
  "final_val_loss": 0.04112132266163826,
  "final_val_accuracy": 0.9937888383865356,
  "config": {
    "epochs": 40,
    "batchSize": 32,
    "validationSplit": 0.2,
    "learningRate": 0.001,
    "earlyStoppingPatience": 10
  },
  "timestamp": "2026-03-06T02:59:01.231595",
  "gpu_used": true
}