{
  "training_time": 6.647733449935913,
  "epochs_trained": 11,
  "final_loss": 1.4791456460952759,
  "final_accuracy": 0.37634408473968506,
  "final_val_loss": 1.9833984375,
  "final_val_accuracy": 0.0,
  "config": {
    "epochs": 40,
    "batchSize": 32,
    "validationSplit": 0.2,
    "learningRate": 0.001,
    "earlyStoppingPatience": 10
  },
  "timestamp": "2026-03-05T02:53:16.813601",
  "gpu_used": true
}