{
  "training_time": 166.8901960849762,
  "epochs_trained": 56,
  "final_loss": 0.005105440970510244,
  "final_accuracy": 0.9981822967529297,
  "final_val_loss": 0.005600562319159508,
  "final_val_accuracy": 0.9970919489860535,
  "timestamp": "2026-03-08T04:55:11.873174"
}