{
  "training_time": 5.027604341506958,
  "epochs_trained": 11,
  "final_loss": 1.4848055839538574,
  "final_accuracy": 0.47311827540397644,
  "final_val_loss": 1.9677734375,
  "final_val_accuracy": 0.0,
  "config": {
    "epochs": 40,
    "batchSize": 32,
    "validationSplit": 0.2,
    "learningRate": 0.001,
    "earlyStoppingPatience": 10
  },
  "timestamp": "2026-03-05T04:05:45.758174",
  "gpu_used": true
}